Month,Average USD/GBP=,Min USD/GBP=,Max USD/GBP=,Nb of working days
11/2018,0.775233,0.760886,0.784118,22
10/2018,0.7687,0.755853,0.7852359999999999,23
9/2018,0.765824,0.75274,0.7799,20
8/2018,0.776637,0.761286,0.7872979999999999,23
7/2018,0.759279,0.7493850000000001,0.770608,22
6/2018,0.752594,0.744534,0.764223,21
5/2018,0.742731,0.7332390000000001,0.753963,22
4/2018,0.710468,0.698228,0.728206,20
3/2018,0.715687,0.7029890000000001,0.7273029999999999,21
2/2018,0.715919,0.702464,0.723882,20
1/2018,0.724229,0.701523,0.741242,22
12/2017,0.74573,0.739359,0.74902,19
11/2017,0.7565109999999999,0.742552,0.76371,22
10/2017,0.757681,0.751953,0.764799,22
9/2017,0.750922,0.735961,0.7724409999999999,21
8/2017,0.771778,0.755981,0.780854,23
7/2017,0.769892,0.760886,0.776705,21
6/2017,0.781223,0.7705310000000001,0.790095,22
5/2017,0.773732,0.7670319999999999,0.77876,22
4/2017,0.791172,0.7728550000000001,0.806721,18
3/2017,0.810213,0.793489,0.823657,23
2/2017,0.801255,0.79164,0.808712,20
1/2017,0.8112189999999999,0.794219,0.8288469999999999,22
12/2016,0.801046,0.784516,0.8184600000000001,21
11/2016,0.804643,0.789921,0.817896,22
10/2016,0.810832,0.777127,0.823155,21
9/2016,0.760146,0.747246,0.773308,22
8/2016,0.762791,0.749196,0.7752859999999999,23
7/2016,0.7598779999999999,0.746715,0.770621,21
6/2016,0.704188,0.672535,0.75832,22
5/2016,0.6876140000000001,0.680247,0.695867,22
4/2016,0.6987220000000001,0.68425,0.7128439999999999,21
3/2016,0.702987,0.690265,0.7156,21
2/2016,0.699249,0.6835180000000001,0.721712,21
1/2016,0.694838,0.67728,0.708547,20
12/2015,0.667406,0.659726,0.675721,22
11/2015,0.658187,0.646483,0.666226,21
10/2015,0.65233,0.645637,0.66054,22
9/2015,0.651725,0.6391100000000001,0.659675,22
8/2015,0.6412140000000001,0.633582,0.649716,21
7/2015,0.642836,0.638784,0.650671,23
6/2015,0.642839,0.628464,0.657209,22
5/2015,0.647105,0.633243,0.6616569999999999,20
4/2015,0.669149,0.647971,0.685336,20
3/2015,0.667782,0.649684,0.682591,22
2/2015,0.6524479999999999,0.6451359999999999,0.665429,20
1/2015,0.659874,0.647679,0.667351,21
12/2014,0.639286,0.635319,0.64415,21
11/2014,0.63384,0.6248199999999999,0.639325,20
10/2014,0.622296,0.6170180000000001,0.628262,23
9/2014,0.613241,0.6017279999999999,0.620446,22
8/2014,0.598769,0.59326,0.603434,21
7/2014,0.585801,0.582605,0.5925699999999999,23
6/2014,0.591576,0.5868359999999999,0.597258,21
5/2014,0.593767,0.588849,0.5983689999999999,21
4/2014,0.597434,0.593608,0.603431,20
3/2014,0.601699,0.596301,0.6065050000000001,21
2/2014,0.604128,0.5977439999999999,0.614487,20
1/2014,0.607445,0.6025,0.61201,22
12/2013,0.610345,0.604525,0.615027,20
11/2013,0.620937,0.611821,0.628871,21
10/2013,0.6213529999999999,0.615685,0.627251,23
9/2013,0.6306729999999999,0.619067,0.643258,21
8/2013,0.645451,0.6372909999999999,0.659964,22
7/2013,0.6590199999999999,0.649359,0.6727850000000001,23
6/2013,0.64599,0.635488,0.655352,20
5/2013,0.654142,0.6418010000000001,0.663524,22
4/2013,0.653146,0.643636,0.661366,21
3/2013,0.663352,0.658369,0.672118,20
2/2013,0.645725,0.63156,0.660628,20
1/2013,0.626616,0.613784,0.6356,22
12/2012,0.619232,0.613517,0.624642,19
11/2012,0.6266970000000001,0.6189979999999999,0.631428,22
10/2012,0.62174,0.61779,0.625644,23
9/2012,0.620961,0.614952,0.6297,20
8/2012,0.636191,0.630258,0.643079,23
7/2012,0.641486,0.635666,0.6475609999999999,22
6/2012,0.643309,0.634446,0.653303,21
5/2012,0.628588,0.618189,0.644925,22
4/2012,0.6244649999999999,0.615219,0.63168,19
3/2012,0.632159,0.624364,0.6400779999999999,22
2/2012,0.632921,0.627762,0.638153,21
1/2012,0.644854,0.633804,0.65313,22
12/2011,0.6404850000000001,0.635943,0.6486149999999999,21
11/2011,0.632583,0.622317,0.64695,22
10/2011,0.6351680000000001,0.6210100000000001,0.653252,21
9/2011,0.633225,0.616556,0.6495529999999999,22
8/2011,0.6112350000000001,0.604553,0.6191760000000001,23
7/2011,0.6202949999999999,0.609737,0.631592,21
6/2011,0.616827,0.608594,0.627025,22
5/2011,0.611899,0.599313,0.620364,22
4/2011,0.611432,0.600067,0.623365,19
3/2011,0.6191770000000001,0.610654,0.626653,23
2/2011,0.620102,0.616051,0.625333,20
1/2011,0.634199,0.6243890000000001,0.646787,21
12/2010,0.641569,0.631671,0.650046,23
11/2010,0.62611,0.6148899999999999,0.6444449999999999,22
10/2010,0.630594,0.622826,0.636788,21
9/2010,0.642893,0.630092,0.652542,22
8/2010,0.63888,0.626575,0.650473,22
7/2010,0.65447,0.640217,0.666164,22
6/2010,0.678042,0.664371,0.693393,22
5/2010,0.6824520000000001,0.655688,0.7008270000000001,21
4/2010,0.652393,0.647374,0.658808,20
3/2010,0.664514,0.6514979999999999,0.674305,23
2/2010,0.640189,0.6265729999999999,0.657848,20
1/2010,0.618727,0.612082,0.628915,20
12/2009,0.615827,0.599271,0.630492,22
11/2009,0.602657,0.594705,0.6130439999999999,21
10/2009,0.618002,0.603244,0.632939,22
9/2009,0.612113,0.598808,0.629795,22
8/2009,0.604637,0.587752,0.617538,21
7/2009,0.6111489999999999,0.6049800000000001,0.622221,23
6/2009,0.611228,0.602873,0.628083,22
5/2009,0.648193,0.619166,0.6728430000000001,20
4/2009,0.680507,0.6696270000000001,0.695002,20
3/2009,0.705064,0.681573,0.728212,22
2/2009,0.693783,0.669588,0.707955,20
1/2009,0.693946,0.6539020000000001,0.733646,21
12/2008,0.672608,0.650588,0.69102,21
11/2008,0.6524979999999999,0.62151,0.678343,20
10/2008,0.59144,0.562389,0.647111,23
9/2008,0.556342,0.538776,0.569901,22
8/2008,0.529656,0.505875,0.5463180000000001,21
7/2008,0.502925,0.49753000000000003,0.508785,23
6/2008,0.5089520000000001,0.5025689999999999,0.5140520000000001,21
5/2008,0.509169,0.503946,0.515187,21
4/2008,0.504663,0.499618,0.508529,22
3/2008,0.499121,0.491622,0.505725,19
2/2008,0.509204,0.503425,0.514738,21
1/2008,0.507728,0.501958,0.513223,22
12/2007,0.49463199999999996,0.48458999999999997,0.505001,19
11/2007,0.48281199999999996,0.47473699999999996,0.488874,22
10/2007,0.48931099999999994,0.48266099999999995,0.49287600000000004,23
9/2007,0.49572299999999997,0.49143100000000006,0.5013340000000001,20
8/2007,0.497492,0.491482,0.504831,23
7/2007,0.491724,0.48485500000000004,0.497462,22
6/2007,0.503512,0.49907399999999996,0.50854,21
5/2007,0.5042909999999999,0.501138,0.5077729999999999,22
4/2007,0.502632,0.49885799999999997,0.508263,19
3/2007,0.5137079999999999,0.508239,0.52144,22
2/2007,0.510931,0.507046,0.514476,20
1/2007,0.510366,0.502454,0.51753,22
12/2006,0.509256,0.505814,0.513167,19
11/2006,0.523267,0.510795,0.530452,22
10/2006,0.533315,0.525281,0.538904,22
9/2006,0.530306,0.524928,0.536144,21
8/2006,0.5282020000000001,0.524342,0.5358569999999999,23
7/2006,0.542298,0.535991,0.54892,21
6/2006,0.542856,0.531255,0.5516,22
5/2006,0.535125,0.52718,0.544689,22
4/2006,0.566133,0.553721,0.57838,18
3/2006,0.573511,0.569349,0.578888,23
2/2006,0.572105,0.562573,0.577037,20
1/2006,0.5668270000000001,0.558565,0.580501,22
12/2005,0.572926,0.563964,0.582072,21
11/2005,0.576448,0.563284,0.585121,22
10/2005,0.56713,0.560099,0.573134,21
9/2005,0.552959,0.541195,0.566639,22
8/2005,0.55748,0.551296,0.56584,23
7/2005,0.57102,0.561761,0.576529,21
6/2005,0.54991,0.5444260000000001,0.557559,22
5/2005,0.538946,0.525475,0.54919,22
4/2005,0.527874,0.522109,0.535065,21
3/2005,0.52452,0.51939,0.534894,21
2/2005,0.530001,0.520291,0.5387029999999999,20
1/2005,0.532526,0.523617,0.537333,21
12/2004,0.518367,0.512126,0.523994,23
11/2004,0.5378229999999999,0.5239560000000001,0.5458109999999999,22
10/2004,0.5537,0.542957,0.561391,21
9/2004,0.5576479999999999,0.551358,0.563913,22
8/2004,0.5498149999999999,0.543244,0.5583130000000001,22
7/2004,0.542817,0.534644,0.5513060000000001,22
6/2004,0.547179,0.5417069999999999,0.553037,22
5/2004,0.559379,0.544913,0.571005,21
4/2004,0.5552010000000001,0.540916,0.5676479999999999,20
3/2004,0.547457,0.535325,0.5569270000000001,23
2/2004,0.535303,0.524732,0.548431,20
1/2004,0.548782,0.5398350000000001,0.560237,21
12/2003,0.571451,0.558036,0.581086,21
11/2003,0.592093,0.5812069999999999,0.601453,20
10/2003,0.596683,0.586443,0.603804,23
9/2003,0.621394,0.599554,0.639896,22
8/2003,0.6278199999999999,0.618855,0.639608,21
7/2003,0.616005,0.598945,0.629646,23
6/2003,0.6021310000000001,0.594399,0.614719,21
5/2003,0.6158939999999999,0.6079319999999999,0.624106,21
4/2003,0.635245,0.626179,0.645247,20
3/2003,0.6317,0.619786,0.6421,21
2/2003,0.621734,0.605591,0.634862,20
1/2003,0.6187159999999999,0.606232,0.626259,22
12/2002,0.630717,0.620292,0.64654,20
11/2002,0.636254,0.629074,0.646016,21
10/2002,0.642083,0.636548,0.6464989999999999,23
9/2002,0.642961,0.636992,0.652606,21
8/2002,0.6508229999999999,0.6375970000000001,0.6583479999999999,22
7/2002,0.643803,0.633193,0.6593319999999999,23
6/2002,0.674292,0.651429,0.687426,20
5/2002,0.685098,0.681321,0.689701,22
4/2002,0.693239,0.684443,0.6987329999999999,21
3/2002,0.70306,0.700079,0.708954,20
2/2002,0.702972,0.698889,0.7097180000000001,20
1/2002,0.698152,0.689705,0.710655,22
12/2001,0.694696,0.686595,0.703735,19
11/2001,0.695984,0.682203,0.709604,22
10/2001,0.688862,0.6755899999999999,0.704175,23
9/2001,0.683739,0.6776220000000001,0.6914859999999999,20
8/2001,0.69607,0.686285,0.706547,23
7/2001,0.7071609999999999,0.697129,0.715172,22
6/2001,0.713719,0.7051189999999999,0.7261770000000001,21
5/2001,0.701599,0.695145,0.706299,22
4/2001,0.697188,0.692282,0.7045140000000001,19
3/2001,0.6918890000000001,0.6788420000000001,0.703904,22
2/2001,0.687909,0.676517,0.696141,20
1/2001,0.676642,0.663694,0.689263,22
12/2000,0.683774,0.670715,0.697768,19
11/2000,0.701118,0.688774,0.711997,22
10/2000,0.6892159999999999,0.68019,0.703708,22
9/2000,0.69701,0.680776,0.714989,21
8/2000,0.671571,0.6627609999999999,0.6900890000000001,23
7/2000,0.663079,0.65898,0.670445,21
6/2000,0.662984,0.656898,0.66881,22
5/2000,0.663914,0.639206,0.679212,22
4/2000,0.6315569999999999,0.6260220000000001,0.6377550000000001,18
3/2000,0.633201,0.626505,0.6382909999999999,23
2/2000,0.6250359999999999,0.619979,0.63146,21
1/2000,0.610007,0.604568,0.619029,21
12/1999,0.61966,0.614889,0.625634,23
11/1999,0.616241,0.606329,0.626424,22
10/1999,0.60329,0.597018,0.611595,21
9/1999,0.6159859999999999,0.606887,0.624204,22
8/1999,0.6226,0.615835,0.6304310000000001,22
7/1999,0.635496,0.616981,0.644706,22
6/1999,0.62661,0.620197,0.6354569999999999,22
5/1999,0.619384,0.61126,0.625513,21
4/1999,0.621252,0.6171949999999999,0.630151,22
3/1999,0.616818,0.608803,0.6220319999999999,23
2/1999,0.614363,0.607568,0.624422,20
1/1999,0.6055189999999999,0.602314,0.613368,21
12/1998,0.598708,0.592593,0.605109,23
11/1998,0.6017680000000001,0.59623,0.60687,21
10/1998,0.59026,0.58224,0.600888,22
9/1998,0.595022,0.585105,0.604049,22
8/1998,0.612329,0.599952,0.619463,21
7/1998,0.60835,0.601938,0.613422,23
6/1998,0.605909,0.5974430000000001,0.613422,22
5/1998,0.610476,0.599592,0.616408,21
4/1998,0.598168,0.592767,0.602194,22
3/1998,0.6018819999999999,0.593329,0.611507,22
2/1998,0.6099359999999999,0.605693,0.616031,20
1/1998,0.611104,0.600959,0.618887,22
12/1997,0.601799,0.593403,0.613233,23
11/1997,0.5924010000000001,0.585171,0.597441,20
10/1997,0.613047,0.597194,0.624804,23
9/1997,0.6250359999999999,0.616903,0.632871,22
8/1997,0.624268,0.610951,0.634637,21
7/1997,0.598284,0.589241,0.615193,23
6/1997,0.608175,0.599016,0.616637,21
5/1997,0.6120439999999999,0.605325,0.619772,22
4/1997,0.613776,0.607938,0.616904,22
3/1997,0.621999,0.6145149999999999,0.630201,21
2/1997,0.615082,0.6093850000000001,0.622862,20
1/1997,0.60175,0.587129,0.6234029999999999,23
12/1996,0.600867,0.588411,0.616524,22
11/1996,0.6014970000000001,0.593294,0.610875,21
10/1996,0.6307699999999999,0.612295,0.640208,23
9/1996,0.641299,0.637347,0.644454,21
8/1996,0.645207,0.6416,0.649142,22
7/1996,0.643523,0.640408,0.647167,23
6/1996,0.648515,0.644618,0.652231,20
5/1996,0.660094,0.649352,0.668359,23
4/1996,0.6594949999999999,0.655092,0.66322,22
3/1996,0.654791,0.650324,0.6578930000000001,21
2/1996,0.651034,0.645247,0.65976,21
1/1996,0.6531,0.644205,0.6656920000000001,23
12/1995,0.6495810000000001,0.643212,0.65415,21
11/1995,0.6398010000000001,0.632113,0.653382,22
10/1995,0.633716,0.630316,0.637063,22
9/1995,0.642139,0.6329100000000001,0.647166,21
8/1995,0.637826,0.623637,0.651252,23
7/1995,0.626991,0.623829,0.6289319999999999,21
6/1995,0.626955,0.621696,0.631632,22
5/1995,0.629732,0.6179319999999999,0.639307,23
4/1995,0.6220760000000001,0.617934,0.627747,20
3/1995,0.624931,0.60643,0.6325109999999999,23
2/1995,0.6362800000000001,0.629208,0.644452,20
1/1995,0.63536,0.624533,0.64342,22
12/1994,0.641682,0.636781,0.647457,22
11/1994,0.629317,0.6101270000000001,0.640286,22
10/1994,0.6227590000000001,0.610725,0.6343989999999999,21
9/1994,0.639713,0.632833,0.651041,22
8/1994,0.648522,0.643416,0.652826,23
7/1994,0.647027,0.637147,0.655438,21
6/1994,0.655783,0.644039,0.6640119999999999,22
5/1994,0.665255,0.659935,0.672856,22
4/1994,0.674207,0.6613760000000001,0.681569,21
3/1994,0.6703359999999999,0.666221,0.674445,23
2/1994,0.6761510000000001,0.663791,0.685874,20
1/1994,0.669922,0.666353,0.675126,21
12/1993,0.670792,0.664758,0.67682,23
11/1993,0.6753359999999999,0.670239,0.680968,22
10/1993,0.665138,0.6515920000000001,0.677504,21
9/1993,0.655948,0.6435,0.6704680000000001,22
8/1993,0.670324,0.659978,0.683388,22
7/1993,0.667941,0.6591090000000001,0.676589,22
6/1993,0.661776,0.6397930000000001,0.6814319999999999,22
5/1993,0.64576,0.633232,0.65458,21
4/1993,0.64757,0.627941,0.6616380000000001,22
3/1993,0.68457,0.664981,0.6993010000000001,23
2/1993,0.695575,0.683668,0.707062,20
1/1993,0.652758,0.643209,0.667244,21
12/1992,0.644787,0.622857,0.664455,23
11/1992,0.654939,0.6418510000000001,0.664098,21
10/1992,0.604604,0.5740529999999999,0.6380399999999999,22
9/1992,0.540756,0.498753,0.58997,22
8/1992,0.515545,0.5030180000000001,0.524686,21
7/1992,0.521093,0.512165,0.527289,23
6/1992,0.539791,0.523971,0.55075,22
5/1992,0.552854,0.54401,0.56609,21
4/1992,0.569329,0.562904,0.579543,22
3/1992,0.579865,0.5686329999999999,0.585993,22
2/1992,0.5627989999999999,0.547046,0.575044,20
1/1992,0.551171,0.531886,0.56899,23
12/1991,0.547089,0.532625,0.564144,22
11/1991,0.56263,0.553864,0.574217,21
10/1991,0.580759,0.5699649999999999,0.587715,23
9/1991,0.580104,0.570711,0.593754,21
8/1991,0.594325,0.583601,0.615004,22
7/1991,0.607007,0.593295,0.623247,23
6/1991,0.607197,0.5908439999999999,0.620538,20
5/1991,0.579451,0.570711,0.588757,23
4/1991,0.57215,0.5571050000000001,0.596835,22
3/1991,0.5488109999999999,0.524247,0.576534,21
2/1991,0.508879,0.501128,0.522328,20
1/1991,0.517204,0.507101,0.527985,23
12/1990,0.520317,0.511641,0.534047,21
11/1990,0.5091439999999999,0.505689,0.516662,22
10/1990,0.514115,0.5060720000000001,0.5312100000000001,23
9/1990,0.531906,0.5226029999999999,0.543034,20
8/1990,0.526626,0.511771,0.5449609999999999,23
7/1990,0.553434,0.539376,0.568991,22
6/1990,0.585248,0.573557,0.596128,21
5/1990,0.596018,0.586613,0.611544,23
4/1990,0.610749,0.606907,0.615499,21
3/1990,0.6156229999999999,0.5990880000000001,0.628261,22
2/1990,0.589611,0.5832579999999999,0.5947100000000001,20
1/1990,0.606472,0.59453,0.623962,23
12/1989,0.626309,0.613471,0.639205,21
11/1989,0.635821,0.629754,0.642806,22
10/1989,0.630046,0.6186159999999999,0.644646,22
9/1989,0.636917,0.6161939999999999,0.649119,21
8/1989,0.62655,0.601496,0.639115,23
7/1989,0.616559,0.600966,0.638048,21
6/1989,0.644143,0.629137,0.6643439999999999,22
5/1989,0.613294,0.591963,0.638119,23
4/1989,0.588206,0.582629,0.596187,20
3/1989,0.5827479999999999,0.5772229999999999,0.593417,23
2/1989,0.570221,0.562538,0.57725,20
1/1989,0.56272,0.547545,0.569963,22
12/1988,0.5479890000000001,0.534876,0.558633,22
11/1988,0.553147,0.541466,0.566171,22
10/1988,0.5762430000000001,0.561753,0.590472,21
9/1988,0.593949,0.586155,0.6020399999999999,22
8/1988,0.589065,0.5820390000000001,0.594917,23
7/1988,0.5864590000000001,0.575734,0.601689,21
6/1988,0.5610109999999999,0.547218,0.585958,22
5/1988,0.5348109999999999,0.528958,0.542135,22
4/1988,0.5331100000000001,0.527977,0.542875,21
3/1988,0.54651,0.531997,0.5659770000000001,23
2/1988,0.5693090000000001,0.5646720000000001,0.573936,21
1/1988,0.5537850000000001,0.532884,0.564847,21
12/1987,0.546986,0.534291,0.557457,23
11/1987,0.563513,0.5460430000000001,0.578091,21
10/1987,0.6021029999999999,0.581575,0.616171,22
9/1987,0.6081880000000001,0.602824,0.6151300000000001,22
8/1987,0.626423,0.61345,0.638352,21
7/1987,0.621263,0.613554,0.6276729999999999,23
6/1987,0.613244,0.600101,0.62879,22
5/1987,0.599945,0.5922689999999999,0.619117,21
4/1987,0.613478,0.598955,0.627835,22
3/1987,0.6281140000000001,0.61703,0.642646,22
2/1987,0.655231,0.647572,0.663934,20
1/1987,0.6645989999999999,0.6474840000000001,0.6810579999999999,22
12/1986,0.696185,0.677417,0.703993,23
11/1986,0.702278,0.695014,0.708363,20
10/1986,0.700535,0.691508,0.713704,23
9/1986,0.67915,0.665287,0.696154,22
8/1986,0.672773,0.665013,0.678662,21
7/1986,0.662586,0.6466189999999999,0.678914,23
6/1986,0.663362,0.653373,0.6787880000000001,21
5/1986,0.6571819999999999,0.6457470000000001,0.674847,22
4/1986,0.668324,0.645971,0.687825,22
3/1986,0.681114,0.666459,0.696362,21
2/1986,0.699735,0.671277,0.731125,20
1/1986,0.7016720000000001,0.687381,0.72244,23
12/1985,0.692198,0.667289,0.704444,22
11/1985,0.694736,0.6740010000000001,0.707224,21
10/1985,0.703154,0.692825,0.7125600000000001,23
9/1985,0.7340220000000001,0.6948,0.7686,21
8/1985,0.721583,0.71155,0.74744,22
7/1985,0.726399,0.699548,0.768302,23
6/1985,0.781255,0.762446,0.7927310000000001,20
5/1985,0.8016270000000001,0.777641,0.843458,23
4/1985,0.807524,0.7749020000000001,0.8347100000000001,22
3/1985,0.894766,0.804421,0.944414,21
2/1985,0.9119959999999999,0.8864209999999999,0.958023,20
1/1985,0.884531,0.8612860000000001,0.89895,23
12/1984,0.8438209999999999,0.824845,0.8612860000000001,21
11/1984,0.804821,0.782523,0.8367690000000001,22
10/1984,0.819775,0.800928,0.842634,23
9/1984,0.794166,0.766025,0.8228989999999999,20
8/1984,0.761548,0.753151,0.7687930000000001,23
7/1984,0.757196,0.74233,0.765636,22
6/1984,0.725522,0.711413,0.74329,21
5/1984,0.7198220000000001,0.7086819999999999,0.7265510000000001,23
4/1984,0.702941,0.694495,0.715859,21
3/1984,0.6867810000000001,0.672482,0.7,22
2/1984,0.695148,0.669866,0.710807,21
1/1984,0.709083,0.69084,0.715274,22
12/1983,0.6972659999999999,0.683904,0.70643,22
11/1983,0.676823,0.669456,0.686129,22
10/1983,0.6677810000000001,0.659239,0.6778810000000001,21
9/1983,0.667237,0.662254,0.670531,22
8/1983,0.6658,0.651943,0.67637,23
7/1983,0.654036,0.645718,0.659153,21
6/1983,0.645073,0.628052,0.660493,22
5/1983,0.635201,0.620685,0.6433,22
4/1983,0.651192,0.636354,0.675341,21
3/1983,0.670868,0.6594979999999999,0.6871109999999999,23
2/1983,0.652629,0.6452859999999999,0.659483,20
1/1983,0.634606,0.614692,0.6535380000000001,21
12/1982,0.6176659999999999,0.610696,0.622889,23
11/1982,0.612352,0.593546,0.629795,22
10/1982,0.589122,0.581605,0.597625,21
9/1982,0.583647,0.5748949999999999,0.590699,22
8/1982,0.579264,0.566503,0.59,22
7/1982,0.576178,0.567376,0.5853119999999999,22
6/1982,0.569152,0.556829,0.582924,22
5/1982,0.5518890000000001,0.5425409999999999,0.5581149999999999,21
4/1982,0.565233,0.558128,0.570083,22
3/1982,0.553078,0.543449,0.561181,23
2/1982,0.541515,0.534428,0.550912,20
1/1982,0.5297310000000001,0.517563,0.5396770000000001,21
12/1981,0.524983,0.511994,0.5366770000000001,23
11/1981,0.5255449999999999,0.507368,0.535913,21
10/1981,0.5427,0.524507,0.552983,22
9/1981,0.5509689999999999,0.537988,0.565353,22
8/1981,0.5490229999999999,0.5332100000000001,0.5681470000000001,21
7/1981,0.533403,0.522888,0.540989,23
6/1981,0.505788,0.484343,0.518269,22
5/1981,0.47807700000000003,0.46699700000000005,0.48439799999999994,21
4/1981,0.45959700000000003,0.44598999999999994,0.46699700000000005,22
3/1981,0.44859899999999997,0.43940799999999997,0.459027,22
2/1981,0.43563,0.42363199999999995,0.45327799999999996,20
1/1981,0.415946,0.411868,0.420596,22
12/1980,0.42631899999999995,0.41876899999999995,0.43262799999999996,23
11/1980,0.41689899999999996,0.408238,0.424417,20
10/1980,0.41370200000000007,0.40742399999999995,0.418886,23
9/1980,0.416217,0.413338,0.41955200000000004,22
8/1980,0.422001,0.417786,0.428336,21
7/1980,0.421465,0.41736,0.42716000000000004,23
6/1980,0.42781199999999997,0.423357,0.43036800000000003,21
5/1980,0.43441199999999996,0.42130100000000004,0.441561,22
4/1980,0.45297,0.435971,0.468817,22
3/1980,0.45318400000000003,0.44089700000000004,0.460821,21
2/1980,0.43660200000000005,0.432943,0.44051999999999997,21
1/1980,0.44198999999999994,0.43653400000000003,0.44938999999999996,23
12/1979,0.454825,0.448114,0.461042,21
11/1979,0.46979799999999994,0.455383,0.48491300000000004,22
10/1979,0.46599799999999997,0.455718,0.48201700000000003,23
9/1979,0.45489399999999997,0.44408800000000004,0.46796800000000005,20
8/1979,0.446667,0.439391,0.45201099999999994,23
7/1979,0.44245200000000007,0.429124,0.45680600000000005,22
6/1979,0.47405,0.460974,0.48385600000000006,21
5/1979,0.485984,0.480365,0.489854,23
4/1979,0.481979,0.475703,0.48876499999999995,21
3/1979,0.490777,0.483458,0.494751,22
2/1979,0.49894399999999994,0.493638,0.504875,20
1/1979,0.498346,0.488361,0.502888,23
12/1978,0.503655,0.48962799999999995,0.516837,21
11/1978,0.509389,0.48642299999999994,0.518206,22
10/1978,0.498472,0.477354,0.508012,22
9/1978,0.510729,0.503979,0.51777,21
8/1978,0.514995,0.500649,0.521049,23
7/1978,0.527814,0.516633,0.536637,21
6/1978,0.5444359999999999,0.5369470000000001,0.55004,22
5/1978,0.550006,0.5457850000000001,0.553581,23
4/1978,0.540335,0.532328,0.550715,20
3/1978,0.524362,0.5128729999999999,0.538748,23
2/1978,0.515412,0.512302,0.519231,20
1/1978,0.517263,0.50502,0.528126,22
12/1977,0.538768,0.522836,0.550298,22
11/1977,0.549512,0.5401739999999999,0.5534180000000001,22
10/1977,0.564828,0.5460010000000001,0.569585,21
9/1977,0.573562,0.5726979999999999,0.574234,22
8/1977,0.5746100000000001,0.573734,0.575577,23
7/1977,0.580597,0.573588,0.581673,21
6/1977,0.5816520000000001,0.580933,0.582286,22
5/1977,0.581845,0.5813050000000001,0.582479,22
4/1977,0.581651,0.581394,0.582174,21
3/1977,0.582363,0.581191,0.584108,23
2/1977,0.584735,0.582438,0.588292,20
1/1977,0.5836600000000001,0.580277,0.587741,21
12/1976,0.595789,0.587687,0.603629,23
11/1976,0.611154,0.594225,0.629361,22
10/1976,0.6095430000000001,0.596542,0.6385390000000001,21
9/1976,0.57789,0.563295,0.6078859999999999,22
8/1976,0.560874,0.557756,0.564562,22
7/1976,0.559872,0.554016,0.563947,22
6/1976,0.567009,0.56095,0.582004,22
5/1976,0.553143,0.5439970000000001,0.568048,21
4/1976,0.5413640000000001,0.531803,0.551543,22
3/1976,0.514273,0.49308500000000005,0.522857,23
2/1976,0.49335100000000004,0.49225,0.49411000000000005,20
1/1976,0.49308,0.49129799999999996,0.496015,22
12/1975,0.49461700000000003,0.49333599999999994,0.49595900000000004,23
11/1975,0.487654,0.482328,0.49568,20
10/1975,0.486275,0.48127600000000004,0.49259,23
9/1975,0.479451,0.47300299999999995,0.4914,22
8/1975,0.473009,0.46605100000000005,0.477103,21
7/1975,0.457912,0.453495,0.46633500000000006,23
6/1975,0.438352,0.42994899999999997,0.456268,21
5/1975,0.430649,0.425098,0.434771,22
4/1975,0.421966,0.41501800000000005,0.42682700000000007,22
3/1975,0.41356499999999996,0.411207,0.41616099999999995,21
2/1975,0.417677,0.412067,0.42300200000000004,20
1/1975,0.42334099999999997,0.417121,0.427965,23
12/1974,0.429587,0.42570699999999995,0.432501,22
11/1974,0.429467,0.42569300000000004,0.433508,21
10/1974,0.428703,0.427439,0.430594,23
9/1974,0.431721,0.42861499999999997,0.43319799999999997,21
8/1974,0.42619700000000005,0.419054,0.43236899999999995,22
7/1974,0.41826499999999994,0.416134,0.42065,23
6/1974,0.418468,0.41572299999999995,0.4245,20
5/1974,0.414025,0.410462,0.418642,23
4/1974,0.41865,0.411537,0.42439499999999997,22
3/1974,0.427389,0.41695600000000005,0.440429,21
2/1974,0.439249,0.432278,0.44922799999999996,20
1/1974,0.4489,0.43075699999999995,0.46111,23
12/1973,0.43128,0.427202,0.43325699999999995,21
11/1973,0.418209,0.41000299999999995,0.42799,22
10/1973,0.411646,0.407688,0.414497,23
9/1973,0.413361,0.40665300000000004,0.416466,20
8/1973,0.403742,0.397384,0.407157,23
7/1973,0.393316,0.387002,0.403388,22
6/1973,0.38815900000000003,0.386797,0.389275,21
5/1973,0.39514,0.3878,0.401756,23
4/1973,0.40262600000000004,0.401756,0.403898,21
3/1973,0.401912,0.400198,0.406484,22
2/1973,0.41279799999999994,0.402977,0.420306,20
1/1973,0.424558,0.42027200000000003,0.426151,23
12/1972,0.426387,0.42497299999999993,0.427967,21
11/1972,0.425343,0.42440500000000003,0.427138,22
10/1972,0.41739499999999996,0.412368,0.428642,22
9/1972,0.409507,0.40827399999999997,0.413174,21
8/1972,0.408103,0.40739899999999996,0.40878200000000003,23
7/1972,0.409107,0.40666199999999997,0.41406400000000004,21
6/1972,0.387679,0.382689,0.408532,22
5/1972,0.382727,0.382243,0.38314899999999996,23
4/1972,0.383079,0.382115,0.383823,20
3/1972,0.381846,0.37751599999999996,0.383918,23
2/1972,0.38405500000000004,0.38319200000000003,0.385874,21
1/1972,0.389033,0.385419,0.39216100000000004,21
12/1971,0.395752,0.391328,0.40097,23
11/1971,0.401044,0.400897,0.40132199999999996,22
10/1971,0.401428,0.400878,0.40218000000000004,21
9/1971,0.405017,0.402366,0.407195,22
8/1971,0.41106899999999996,0.403499,0.413642,22
7/1971,0.41343100000000005,0.413268,0.41356800000000005,22
6/1971,0.41335500000000003,0.41317299999999996,0.41375100000000004,22
5/1971,0.41342799999999996,0.413203,0.41430600000000006,21
4/1971,0.413601,0.413274,0.41443100000000005,22
3/1971,0.413433,0.413286,0.414004,23
2/1971,0.413605,0.41328400000000004,0.41425,20
1/1971,0.415815,0.413709,0.417822,21
12/1970,0.418235,0.417735,0.41863599999999995,23
11/1970,0.418318,0.418023,0.418584,21
10/1970,0.41884899999999997,0.418304,0.419206,22
9/1970,0.419282,0.41881899999999994,0.419951,22
8/1970,0.418763,0.418178,0.419526,21
7/1970,0.41830100000000003,0.417433,0.418741,23
6/1970,0.417013,0.41666499999999995,0.41747700000000004,22
5/1970,0.41598500000000005,0.415617,0.41650600000000004,21
4/1970,0.41556000000000004,0.41533400000000004,0.41576199999999996,22
3/1970,0.41561800000000004,0.415145,0.416192,22
2/1970,0.415843,0.41534399999999994,0.41638100000000006,20
1/1970,0.41656000000000004,0.41626199999999997,0.41694,22
12/1969,0.417091,0.41651400000000005,0.417391,23
11/1969,0.417228,0.41688100000000006,0.417555,20
10/1969,0.41835900000000004,0.417232,0.42003100000000004,23
9/1969,0.41944499999999996,0.418691,0.419833,22
8/1969,0.41914799999999997,0.41813199999999995,0.420133,21
7/1969,0.418263,0.417916,0.4186,23
6/1969,0.418372,0.41817,0.41869399999999996,21
5/1969,0.419205,0.41819799999999996,0.42369300000000004,22
4/1969,0.41784899999999997,0.417281,0.419379,22
3/1969,0.418096,0.41730600000000007,0.418741,21
2/1969,0.418129,0.41772200000000004,0.418454,20
1/1969,0.41893199999999997,0.418009,0.419505,23
12/1968,0.41935200000000006,0.418724,0.419674,22
11/1968,0.418942,0.41813900000000004,0.419795,21
10/1968,0.418421,0.418188,0.41876,23
9/1968,0.41885100000000003,0.418389,0.41966000000000003,21
8/1968,0.41818500000000003,0.41751499999999997,0.41966000000000003,22
7/1968,0.41845699999999997,0.41748999999999997,0.41978999999999994,23
6/1968,0.41931,0.41888000000000003,0.419763,20
5/1968,0.418498,0.41718999999999995,0.41956000000000004,23
4/1968,0.416311,0.415545,0.417289,22
3/1968,0.416857,0.415307,0.41855299999999995,21
2/1968,0.414954,0.414574,0.415893,21
1/1968,0.415076,0.414579,0.41605200000000003,23
12/1967,0.41552700000000004,0.41321,0.416534,21
11/1967,0.381333,0.359156,0.41333500000000006,22
10/1967,0.3593,0.359126,0.35946100000000003,22
9/1967,0.359215,0.358971,0.35932800000000004,21
8/1967,0.359018,0.358687,0.359167,23
7/1967,0.358739,0.358533,0.358987,21
6/1967,0.358261,0.35798,0.358521,22
5/1967,0.357523,0.357161,0.35780300000000004,23
4/1967,0.357256,0.35707,0.357428,20
3/1967,0.357619,0.357199,0.357881,23
2/1967,0.35789899999999997,0.357653,0.358182,20
1/1967,0.35831,0.35786399999999996,0.35853,22
12/1966,0.358417,0.35822,0.358637,22
11/1966,0.358284,0.358135,0.358456,22
10/1966,0.358184,0.358058,0.358327,21
9/1966,0.35852399999999995,0.358232,0.358836,22
8/1966,0.358567,0.35838200000000003,0.358738,23
7/1966,0.35861,0.358219,0.35893800000000003,21
6/1966,0.35844499999999996,0.35823299999999997,0.358682,22
5/1966,0.358127,0.35787800000000003,0.358333,22
4/1966,0.357954,0.357804,0.358113,21
3/1966,0.35773,0.357199,0.35804400000000003,23
2/1966,0.356825,0.356602,0.357101,20
1/1966,0.356636,0.356513,0.356783,21
12/1965,0.356871,0.356717,0.35699899999999996,23
11/1965,0.356662,0.356504,0.35678699999999997,22
10/1965,0.356758,0.35664,0.35685900000000004,21
9/1965,0.357613,0.356854,0.35833899999999996,22
8/1965,0.358333,0.358196,0.358441,22
7/1965,0.35831599999999997,0.3581,0.358429,22
6/1965,0.35811,0.357808,0.35830700000000004,22
5/1965,0.357547,0.357284,0.358098,21
4/1965,0.357707,0.357242,0.358505,22
3/1965,0.358165,0.357823,0.3584,23
2/1965,0.357786,0.357581,0.357958,20
1/1965,0.358275,0.358114,0.35849000000000003,21
12/1964,0.35837600000000003,0.358135,0.35849200000000003,23
11/1964,0.359059,0.35829,0.35943600000000003,21
10/1964,0.359256,0.359005,0.35937399999999997,22
9/1964,0.359249,0.359142,0.359317,22
8/1964,0.358844,0.358582,0.359207,21
7/1964,0.358442,0.358067,0.35875100000000004,23
6/1964,0.35787199999999997,0.35749000000000003,0.358205,22
5/1964,0.357199,0.357126,0.357329,21
4/1964,0.35727,0.357107,0.35737399999999997,22
3/1964,0.357377,0.357324,0.35743800000000003,22
2/1964,0.357511,0.357338,0.35784699999999997,20
1/1964,0.357369,0.357236,0.357611,23
12/1963,0.357576,0.357481,0.357655,22
11/1963,0.35740900000000003,0.357344,0.357471,21
10/1963,0.357417,0.357338,0.357484,23
9/1963,0.357428,0.35727600000000004,0.357512,21
8/1963,0.35718099999999997,0.357023,0.357443,22
7/1963,0.357023,0.356898,0.357107,23
6/1963,0.357112,0.357053,0.357166,20
5/1963,0.35717899999999997,0.357056,0.357267,23
4/1963,0.357042,0.35693800000000003,0.357168,22
3/1963,0.357067,0.356856,0.357329,21
2/1963,0.3567,0.356557,0.35683200000000004,20
1/1963,0.356544,0.35633899999999996,0.356869,23
12/1962,0.356698,0.356645,0.356869,21
11/1962,0.35688200000000003,0.356647,0.357048,22
10/1962,0.356939,0.356825,0.357041,23
9/1962,0.357013,0.35691999999999996,0.357136,20
8/1962,0.356642,0.356398,0.356996,23
7/1962,0.356285,0.356088,0.356557,22
6/1962,0.356082,0.35581999999999997,0.356381,21
5/1962,0.355611,0.35538400000000003,0.35599000000000003,23
4/1962,0.35537199999999997,0.3552,0.35567600000000005,21
3/1962,0.355232,0.35499200000000003,0.35576199999999997,22
2/1962,0.355311,0.35512,0.355607,20
1/1962,0.3558,0.355624,0.356131,23
12/1961,0.355932,0.355538,0.35639299999999996,21
11/1961,0.35526599999999997,0.355168,0.355504,22
10/1961,0.355218,0.355059,0.35541999999999996,22
9/1961,0.355652,0.35536999999999996,0.35629,21
8/1961,0.35681599999999997,0.35646700000000003,0.357721,23
7/1961,0.358786,0.35784699999999997,0.359148,21
6/1961,0.35843200000000003,0.358015,0.358792,22
5/1961,0.357927,0.357615,0.3584,23
4/1961,0.357392,0.35717,0.35770799999999997,20
3/1961,0.357527,0.357207,0.35820599999999997,23
2/1961,0.357096,0.356564,0.357763,20
1/1961,0.356325,0.356204,0.35680100000000003,22
12/1960,0.35618,0.35576599999999997,0.356679,22
11/1960,0.35542199999999996,0.355009,0.3561,22
10/1960,0.35573499999999997,0.355281,0.35604,21
9/1960,0.35552399999999995,0.355075,0.356167,22
8/1960,0.35585,0.35562,0.356075,23
7/1960,0.356096,0.35589299999999996,0.356288,21
6/1960,0.356811,0.356288,0.357265,22
5/1960,0.35636799999999996,0.355984,0.356746,22
4/1960,0.355925,0.35565,0.356167,21
3/1960,0.35639699999999996,0.356167,0.356685,23
2/1960,0.356712,0.356588,0.35684899999999997,21
1/1960,0.357161,0.35681,0.3574,21
12/1959,0.35731,0.357018,0.357722,23
11/1959,0.356773,0.356547,0.356988,21
10/1959,0.35628899999999997,0.35593600000000003,0.356695,22
9/1959,0.356675,0.356185,0.357015,22
8/1959,0.35589299999999996,0.355599,0.35630100000000003,21
7/1959,0.355652,0.355536,0.35581399999999996,23
6/1959,0.355531,0.355416,0.355748,22
5/1959,0.355284,0.355025,0.355675,21
4/1959,0.355049,0.354914,0.355217,22
3/1959,0.355525,0.355125,0.355844,22
2/1959,0.355944,0.355771,0.35614,20
1/1959,0.356325,0.355864,0.35686799999999996,22
12/1958,0.357551,0.356838,0.35795,23
11/1958,0.357612,0.35741799999999996,0.357877,20
10/1958,0.358006,0.357838,0.358114,23
9/1958,0.358266,0.357915,0.358542,22
8/1958,0.358383,0.357846,0.35876399999999997,21
7/1958,0.358846,0.358577,0.359089,23
6/1958,0.358249,0.35785100000000003,0.358825,21
5/1958,0.357792,0.357344,0.35827800000000004,22
4/1958,0.35777800000000004,0.357448,0.358057,22
3/1958,0.3573,0.35694899999999996,0.35797399999999996,21
2/1958,0.35690700000000003,0.356767,0.3571,20
1/1958,0.35690500000000003,0.356651,0.35746999999999995,23
12/1957,0.357184,0.356906,0.357531,22
11/1957,0.356844,0.356638,0.35711,21
10/1957,0.357221,0.356327,0.35876199999999997,23
9/1957,0.359565,0.35754,0.35993,21
8/1957,0.359842,0.359381,0.35991300000000004,22
7/1957,0.359697,0.359091,0.35988200000000004,23
6/1957,0.35852399999999995,0.35804600000000003,0.358998,20
5/1957,0.35775300000000004,0.357296,0.35815,23
4/1957,0.35747399999999996,0.35732600000000003,0.357925,22
3/1957,0.357603,0.35728699999999997,0.358135,21
2/1957,0.357478,0.357275,0.357623,20
1/1957,0.357741,0.357143,0.358518,23
12/1956,0.358396,0.35781799999999997,0.358813,21
11/1956,0.35862,0.358144,0.359142,22
10/1956,0.358216,0.357995,0.35905,23
9/1956,0.358464,0.357759,0.358875,20
8/1956,0.358622,0.358144,0.35897199999999996,23
7/1956,0.359099,0.358836,0.35931599999999997,22
6/1956,0.359313,0.359003,0.359596,21
5/1956,0.35904400000000003,0.358783,0.35922800000000005,23
4/1956,0.359234,0.358888,0.359643,21
3/1956,0.359693,0.35941999999999996,0.360096,22
2/1956,0.359621,0.359294,0.36007,21
1/1956,0.359317,0.359055,0.359689,22
12/1955,0.359122,0.358435,0.35985100000000003,22
11/1955,0.35891799999999996,0.358496,0.359567,22
10/1955,0.359551,0.35937399999999997,0.359781,21
9/1955,0.360414,0.359619,0.361112,22
8/1955,0.360369,0.360003,0.360794,23
7/1955,0.360562,0.359635,0.360942,21
6/1955,0.359601,0.358719,0.360313,22
5/1955,0.358275,0.357585,0.35894699999999996,22
4/1955,0.356921,0.356404,0.357394,21
3/1955,0.35634499999999997,0.35576199999999997,0.35666,23
2/1955,0.35701,0.356055,0.357185,20
1/1955,0.35736599999999996,0.35684299999999997,0.357704,21
12/1954,0.35705,0.35686999999999997,0.357171,23
11/1954,0.356745,0.3566,0.35696500000000003,22
10/1954,0.357149,0.356638,0.357603,21
9/1954,0.357655,0.35723,0.358007,22
8/1954,0.358099,0.357852,0.358313,22
7/1954,0.358113,0.35765399999999997,0.358475,22
6/1954,0.357592,0.35726399999999997,0.357767,22
5/1954,0.357231,0.356597,0.357599,21
4/1954,0.357612,0.357143,0.358056,22
3/1954,0.35852399999999995,0.358117,0.358729,23
2/1954,0.35890500000000003,0.358637,0.359066,20
1/1954,0.35933400000000004,0.358852,0.35962,21
12/1953,0.359078,0.358423,0.359681,23
11/1953,0.358607,0.358362,0.35891300000000004,21
10/1953,0.359068,0.35888200000000003,0.35934299999999997,22
9/1953,0.359286,0.358668,0.359651,22
8/1953,0.358971,0.358545,0.359097,16
